id,deviceId,testCase,receivedAtMs,lat,lng,accuracyM,speedMps,headingDeg,motorC,batteryC,referenceC,accel_x,accel_y,accel_z,sampleId,receivedAt
696270a3231aeadabc091ba1,esp32-001,teste_tur_10_01,1768059042886,-8.048451898333164,-34.9524670994302,13.47864162563436,0.03016607107235669,265.49687366045833,36.44,34.06,31.56,1113,217,39,1286,2026-01-10T15:30:43.464Z
696270a5231aeadabc091ba3,esp32-001,teste_tur_10_01,1768059044867,-8.04845188741329,-34.952467038857876,13.285348074670239,0,265.4968736511592,36.5,34.06,31.56,1115,227,40,1288,2026-01-10T15:30:45.161Z
696270a6231aeadabc091ba5,esp32-001,teste_tur_10_01,1768059045885,-8.04844487726186,-34.952494822754936,13.138025782287992,1.5820602936307409,289.43685997280625,36.5,34.06,31.5,1114,221,42,1289,2026-01-10T15:30:46.192Z
696270a8231aeadabc091ba7,esp32-001,teste_tur_10_01,1768059047867,-8.04842831308177,-34.95258277606896,12.726965712058167,4.564336547249568,282.02979954722196,36.5,34.06,31.5,1107,220,64,1291,2026-01-10T15:30:48.272Z
696270a9231aeadabc091ba9,esp32-001,teste_tur_10_01,1768059048894,-8.04842525706061,-34.952652330133944,12.26375529534211,6.063637387622825,275.03717034457765,36.44,34.12,31.44,1111,219,52,1292,2026-01-10T15:30:49.457Z
696270ab231aeadabc091bab,esp32-001,teste_tur_10_01,1768059050894,-8.048438205623205,-34.952774169899136,11.16437613672632,6.674897554285707,261.79848582733274,36.38,34.12,31.44,1102,230,41,1294,2026-01-10T15:30:51.215Z
696270ac231aeadabc091bad,esp32-001,teste_tur_10_01,1768059052005,-8.048547580815026,-34.9528984488868,9.43843831655867,8.395376229515232,231.81897758020955,36.38,34.12,31.44,1120,304,31,1296,2026-01-10T15:30:52.322Z
696270ae231aeadabc091baf,esp32-001,teste_tur_10_01,1768059053934,-8.048611122507472,-34.95294003039027,7.85453391206892,8.143664022988986,221.3893535063562,36.19,34.19,31.44,526,141,36,1307,2026-01-10T15:30:54.337Z
696270b0231aeadabc091bb1,esp32-001,teste_tur_10_01,1768059055943,-8.048739586861794,-34.952976310777444,7.519775658005685,7.199629321551484,187.56982421875,36.12,34.19,31.44,840,534,244,1309,2026-01-10T15:30:56.233Z
696270b2231aeadabc091bb3,esp32-001,teste_tur_10_01,1768059057923,-8.048898998058968,-34.95298959018287,7.355430454773035,8.703931852410884,189.38438939002438,-127,34.19,31.5,1168,-109,97,1311,2026-01-10T15:30:58.288Z
696270b3231aeadabc091bb5,esp32-001,teste_tur_10_01,1768059058943,-8.048980009943602,-34.95300143253382,9.14688951794565,8.668190075931575,189.0053049614713,36.12,34.19,31.44,1130,-53,67,1312,2026-01-10T15:30:59.232Z
696270b5231aeadabc091bb7,esp32-001,teste_tur_10_01,1768059060953,-8.049131675981323,-34.95300894723233,9.190388971317898,7.727891478091268,183.98324550780495,36.19,34.19,31.5,1207,173,-13,1314,2026-01-10T15:31:01.345Z
696270b7231aeadabc091bb9,esp32-001,teste_tur_10_01,1768059062933,-8.049187114033138,-34.95301161368067,8.89388313279234,3.5771023263381787,181.06146540898786,36.25,34.19,31.56,1008,391,45,1316,2026-01-10T15:31:03.223Z
696270b8231aeadabc091bbb,esp32-001,teste_tur_10_01,1768059063951,-8.049219038809396,-34.95302057244258,9.88144095056801,3.5052533939845953,187.8998527860453,36.25,34.19,31.56,1035,410,141,1317,2026-01-10T15:31:04.257Z
696270c0231aeadabc091bbd,esp32-001,teste_tur_10_01,1768059072014,-8.050106501925917,-34.95311496961577,9.36999041856872,13.290080043555314,186.4335098950833,36.31,34.19,31.56,922,477,-8,1318,2026-01-10T15:31:12.439Z
696270c2231aeadabc091bbf,esp32-001,teste_tur_10_01,1768059073973,-8.050220852297707,-34.95312454845952,9.727165030671435,12.827939680269537,185.498170117389,36.25,34.19,31.62,936,-87,141,1327,2026-01-10T15:31:14.279Z
696270c4231aeadabc091bc1,esp32-001,teste_tur_10_01,1768059075984,-8.050429971692408,-34.95314390215651,8.381658076017702,11.613132954866012,185.40692238363792,36.19,34.19,31.69,990,2,14,1329,2026-01-10T15:31:16.415Z
696270c5231aeadabc091bc3,esp32-001,teste_tur_10_01,1768059077013,-8.050598762314388,-34.953160684990976,9.825958088393062,9.004279317397557,186.62348552981334,36.19,34.19,31.69,1183,-205,-61,1330,2026-01-10T15:31:17.327Z
696270c7231aeadabc091bc5,esp32-001,teste_tur_10_01,1768059078983,-8.050643112970693,-34.953163422719406,7.871417392797152,6.509506785233271,185.93666842874103,36.12,34.19,31.69,1031,179,61,1332,2026-01-10T15:31:19.326Z
696270c9231aeadabc091bc7,esp32-001,teste_tur_10_01,1768059080993,-8.050693413007265,-34.953169644813656,8.040340615445935,3.5214602511146724,186.3280682688583,36.19,34.19,31.69,998,294,11,1334,2026-01-10T15:31:21.398Z
696270cb231aeadabc091bc9,esp32-001,teste_tur_10_01,1768059082973,-8.050784995860917,-34.95317398281635,8.526779296454729,5.099444742149056,181.4638249429738,36.19,34.19,31.69,1122,271,41,1336,2026-01-10T15:31:23.325Z
696270cc231aeadabc091bcb,esp32-001,teste_tur_10_01,1768059083993,-8.050860406573003,-34.9531813286704,8.506942873290086,6.873082324900409,183.32109313379158,36.25,34.19,31.75,1057,536,135,1337,2026-01-10T15:31:24.366Z
696270ce231aeadabc091bcd,esp32-001,teste_tur_10_01,1768059086012,-8.05114710971108,-34.9532108836158,6.744229712231033,10.631761325498905,185.09993624557808,36.31,34.25,31.75,573,357,210,1339,2026-01-10T15:31:26.447Z
696270d0231aeadabc091bcf,esp32-001,teste_tur_10_01,1768059087983,-8.051255871603312,-34.95322405507853,6.100842190280437,11.425168375957126,185.691955974449,36.31,34.25,31.75,1019,86,35,1341,2026-01-10T15:31:28.318Z
696270d1231aeadabc091bd1,esp32-001,teste_tur_10_01,1768059089011,-8.051476676210909,-34.953248740529816,5.860334791581022,11.970604922333095,185.78650878369052,36.31,34.25,31.69,877,671,228,1342,2026-01-10T15:31:29.318Z
696270d3231aeadabc091bd3,esp32-001,teste_tur_10_01,1768059091019,-8.051675777948146,-34.95327331227914,5.698421683498602,10.948331425589405,187.27816664289307,36.25,34.25,31.75,879,87,-72,1344,2026-01-10T15:31:31.448Z
696270d5231aeadabc091bd5,esp32-001,teste_tur_10_01,1768059092993,-8.051757371281763,-34.95327716307975,5.39136266594665,9.708848036425742,184.7532012285692,36.19,34.25,31.69,1045,234,29,1346,2026-01-10T15:31:33.298Z
696270d6231aeadabc091bd7,esp32-001,teste_tur_10_01,1768059094019,-8.051823588151871,-34.95323535139592,6.101385082625131,4.62480665525628,153.3862280158088,36.19,34.25,31.75,1118,444,212,1347,2026-01-10T15:31:34.327Z
696270d8231aeadabc091bd9,esp32-001,teste_tur_10_01,1768059096031,-8.051831782018896,-34.95315002614413,5.663662936191458,4.631302740127276,104.78402607435049,36.12,34.25,31.75,1091,410,23,1349,2026-01-10T15:31:36.447Z
696270da231aeadabc091bdb,esp32-001,teste_tur_10_01,1768059098012,-8.051837557306223,-34.95299841058469,5.882606514952826,7.860524600063814,94.38870369275593,36.12,34.25,31.75,803,516,-77,1351,2026-01-10T15:31:38.324Z
696270db231aeadabc091bdd,esp32-001,teste_tur_10_01,1768059099021,-8.05184360470943,-34.95290011081238,8.283689061220029,9.507152962055192,94.36900094173532,36.12,34.25,31.75,1705,-279,256,1352,2026-01-10T15:31:39.357Z
696270dd231aeadabc091bdf,esp32-001,teste_tur_10_01,1768059101028,-8.051849317435634,-34.95269290560966,8.944727480271649,11.272957038127032,92.30326789649304,36.06,34.25,31.69,1206,327,151,1354,2026-01-10T15:31:41.446Z
696270de231aeadabc091be1,esp32-001,teste_tur_10_01,1768059102030,-8.051858891457025,-34.9525796924355,7.838424064357882,12.007400936318852,93.24854075988812,36.06,34.25,31.69,977,297,11,1355,2026-01-10T15:31:42.358Z
696270e0231aeadabc091be3,esp32-001,teste_tur_10_01,1768059104033,-8.051875154945472,-34.95232652919111,9.006613851619596,13.622914651561693,93.02294050427447,36.06,34.25,31.69,1138,84,103,1357,2026-01-10T15:31:44.339Z
696270e2231aeadabc091be5,esp32-001,teste_tur_10_01,1768059106036,-8.051891545080801,-34.9520594383683,7.673370597389577,14.58116331394868,93.0106718320126,36,34.25,31.69,1352,507,131,1359,2026-01-10T15:31:46.438Z
696270e4231aeadabc091be7,esp32-001,teste_tur_10_01,1768059108028,-8.051906902647469,-34.95178784380468,6.539329456124291,14.998060864804314,93.2376734213333,35.88,34.25,31.62,1323,-37,198,1361,2026-01-10T15:31:48.358Z
696270e5231aeadabc091be9,esp32-001,teste_tur_10_01,1768059109032,-8.05191980946828,-34.9516482234367,6.69591211936178,15.14516942466981,94.29111846664168,35.88,34.25,31.62,881,323,98,1362,2026-01-10T15:31:49.362Z
696270e6231aeadabc091beb,esp32-001,teste_tur_10_01,1768059110035,-8.051927943524126,-34.95152090833599,5.30919544986845,14.512587438039748,93.76345734994935,35.88,34.25,31.62,1011,27,67,1363,2026-01-10T15:31:50.338Z
696270e7231aeadabc091bed,esp32-001,teste_tur_10_01,1768059111040,-8.051935081286231,-34.951399425984434,4.25085190453364,13.917965459904988,93.35871324966176,35.81,34.25,31.62,916,368,-72,1364,2026-01-10T15:31:51.550Z
696270e9231aeadabc091bef,esp32-001,teste_tur_10_01,1768059113033,-8.051962828243672,-34.9511562053107,5.305429526899266,13.84783695842619,96.49609126451686,35.75,34.25,31.62,1137,113,158,1366,2026-01-10T15:31:53.410Z
696270ea231aeadabc091bf1,esp32-001,teste_tur_10_01,1768059114042,-8.051974331865742,-34.95102059009862,6.483092767354408,14.42363907752387,95.99506526957283,35.75,34.25,31.62,1147,160,-42,1367,2026-01-10T15:31:54.342Z
696270ec231aeadabc091bf3,esp32-001,teste_tur_10_01,1768059116057,-8.051979872341066,-34.95074508943894,7.546298882858087,15.04599673727849,91.99505591842384,35.69,34.25,31.62,1212,209,156,1369,2026-01-10T15:31:56.432Z
696270ee231aeadabc091bf5,esp32-001,teste_tur_10_01,1768059118033,-8.051994619299354,-34.95046563421793,6.9197425560526415,15.35050856364807,92.87995659861883,35.62,34.25,31.62,1612,22,423,1371,2026-01-10T15:31:58.334Z
696270ef231aeadabc091bf7,esp32-001,teste_tur_10_01,1768059119053,-8.052003476448915,-34.95032288891507,9.334795760762086,15.612086034392311,93.36144969771773,35.56,34.25,31.69,888,591,103,1372,2026-01-10T15:31:59.369Z
696270f2231aeadabc091bf9,esp32-001,teste_tur_10_01,1768059122020,-8.052021538867772,-34.94988049284698,9.400392853153932,16.370963040005623,92.40225484085167,35.56,34.25,31.62,1546,50,214,1373,2026-01-10T15:32:02.410Z
696270f3231aeadabc091bfb,esp32-001,teste_tur_10_01,1768059123040,-8.052033188018436,-34.94973422016897,6.700252631018237,16.367434078971698,93.60044048937826,35.5,34.25,31.69,727,621,-114,1376,2026-01-10T15:32:03.358Z
696270f4231aeadabc091bfd,esp32-001,teste_tur_10_01,1768059124064,-8.052045495614415,-34.949582834672235,7.1714908846831324,16.56614810608179,94.05625881981447,35.44,34.25,31.69,1029,252,70,1377,2026-01-10T15:32:04.384Z
696270ff231aeadabc091bff,esp32-001,teste_tur_10_01,1768059135049,-8.052133920465957,-34.94809239055669,14.245387929881593,12.114214842654635,93.53161080837566,35.44,34.25,31.69,1244,243,158,1378,2026-01-10T15:32:15.429Z
69627100231aeadabc091c01,esp32-001,teste_tur_10_01,1768059136072,-8.05214004082006,-34.947988477517136,14.245655723038075,11.645508172931597,93.6946012721148,35.44,34.25,31.62,2219,-99,429,1379,2026-01-10T15:32:16.373Z
69627102231aeadabc091c03,esp32-001,teste_tur_10_01,1768059138049,-8.052145323034155,-34.94779983400635,14.245864195133638,10.578632690454933,92.62668446464292,35.38,34.25,31.62,1112,302,2,1381,2026-01-10T15:32:18.425Z
69627103231aeadabc091c05,esp32-001,teste_tur_10_01,1768059139073,-8.052149695609055,-34.947712802912584,14.245903402178467,9.964857437543408,93.06067979876683,35.31,34.25,31.62,1498,55,200,1382,2026-01-10T15:32:19.376Z
69627105231aeadabc091c07,esp32-001,teste_tur_10_01,1768059141085,-8.052158922683418,-34.94759053373205,14.245935453918234,6.770999077480674,92.38545122971445,35.25,34.31,31.56,768,361,17,1384,2026-01-10T15:32:21.451Z
69627107231aeadabc091c09,esp32-001,teste_tur_10_01,1768059143060,-8.05211495746595,-34.94752266362243,14.24594313866223,4.499967812245649,60.83153253085306,35.19,34.25,31.5,946,-23,-12,1386,2026-01-10T15:32:23.378Z
69627108231aeadabc091c0b,esp32-001,teste_tur_10_01,1768059144085,-8.0520792667238,-34.94750480187526,14.245945073050766,4.195604979735796,41.244898005584375,35.12,34.25,31.5,861,505,-27,1387,2026-01-10T15:32:24.400Z
69627109231aeadabc091c0d,esp32-001,teste_tur_10_01,1768059145104,-8.052041740886356,-34.94751086812258,14.245946500213321,3.7218785201127975,12.424775228767029,35.06,34.31,31.5,1034,161,-19,1388,2026-01-10T15:32:25.390Z
6962710a231aeadabc091c0f,esp32-001,teste_tur_10_01,1768059146122,-8.051995752795813,-34.94752978195421,14.245947553676361,4.503861225710022,348.78724455019403,35.06,34.31,31.44,1131,187,164,1389,2026-01-10T15:32:26.439Z
6962710c231aeadabc091c11,esp32-001,teste_tur_10_01,1768059148104,-8.051916309417582,-34.94760925793437,14.245949008520792,5.776942703937088,315.84856980394073,35,34.25,31.5,1492,-17,144,1391,2026-01-10T15:32:28.497Z
6962710d231aeadabc091c13,esp32-001,teste_tur_10_01,1768059149124,-8.051892056463036,-34.94765793260589,14.245949611653073,5.670611733235972,302.7423026117928,35,34.31,31.5,1006,105,164,1392,2026-01-10T15:32:29.439Z
6962710f231aeadabc091c15,esp32-001,teste_tur_10_01,1768059151130,-8.05190429711395,-34.94772993757652,14.245950517018874,3.7845184515043284,271.9953443739623,35,34.25,31.5,1006,-122,84,1394,2026-01-10T15:32:31.420Z
69627111231aeadabc091c17,esp32-001,teste_tur_10_01,1768059153114,-8.051880426373561,-34.947839308106516,14.245951265543273,6.224435752158617,282.27773632027055,35,34.25,31.44,1037,234,-58,1396,2026-01-10T15:32:33.501Z
69627112231aeadabc091c19,esp32-001,teste_tur_10_01,1768059154134,-8.05185325025013,-34.94791802171465,14.245951968642066,7.947038201811384,286.9516372951531,35,34.31,31.5,1102,655,183,1397,2026-01-10T15:32:34.433Z
69627114231aeadabc091c1b,esp32-001,teste_tur_10_01,1768059156114,-8.051813585958353,-34.948105117935214,14.24595380663983,10.229624429309675,280.596483101105,35.06,34.31,31.5,852,291,-14,1399,2026-01-10T15:32:36.523Z
69627116231aeadabc091c1d,esp32-001,teste_tur_10_01,1768059158098,-8.051778600183251,-34.94832508858287,14.245954671880376,11.9009526660947,279.6366379826982,35.06,34.31,31.5,1514,-3,89,1401,2026-01-10T15:32:38.392Z
69627117231aeadabc091c1f,esp32-001,teste_tur_10_01,1768059159117,-8.051765090486962,-34.94844461812824,14.245954869398252,12.645741812912542,277.91625316183934,35.12,34.31,31.5,1126,158,90,1402,2026-01-10T15:32:39.445Z
69627119231aeadabc091c21,esp32-001,teste_tur_10_01,1768059161173,-8.051724905835663,-34.948707552477366,14.245955311102547,14.284116432626531,278.49553761238604,35.12,34.31,31.56,914,450,26,1404,2026-01-10T15:32:41.543Z
6962711b231aeadabc091c23,esp32-001,teste_tur_10_01,1768059163105,-8.051680343718024,-34.94899212858986,14.245955384541192,15.609393353356728,278.59496435940184,35.12,34.31,31.56,609,624,10,1406,2026-01-10T15:32:43.397Z
6962711c231aeadabc091c25,esp32-001,teste_tur_10_01,1768059164126,-8.051659210045853,-34.949138328868756,14.245954998130022,15.999023691470226,278.56408916814524,35.12,34.25,31.62,1341,261,81,1407,2026-01-10T15:32:44.447Z
6962711d231aeadabc091c27,esp32-001,teste_tur_10_01,1768059165144,-8.051638951537752,-34.949287086448,14.245954659901452,16.236875721845347,278.37104622028573,35.19,34.31,31.56,1335,386,142,1408,2026-01-10T15:32:45.460Z
6962711e231aeadabc091c29,esp32-001,teste_tur_10_01,1768059166165,-8.05161479463734,-34.949431748886056,14.245954490346024,16.103846961049882,279.2354165622872,35.12,34.31,31.56,1052,622,18,1409,2026-01-10T15:32:46.484Z
69627120231aeadabc091c2b,esp32-001,teste_tur_10_01,1768059168145,-8.051574532385157,-34.949675133663376,14.245954669538612,13.519770183790593,279.4001009591235,35.19,34.31,31.56,1279,154,33,1411,2026-01-10T15:32:48.514Z
69627121231aeadabc091c2d,esp32-001,teste_tur_10_01,1768059169164,-8.051552844785885,-34.94977618147908,14.245954662900678,12.331745685031928,279.7276107819413,35.12,34.31,31.56,1111,276,65,1412,2026-01-10T15:32:49.479Z
69627123231aeadabc091c2f,esp32-001,teste_tur_10_01,1768059171145,-8.051533641561365,-34.94997506245623,14.245954577098145,11.152467734409353,276.1268636537599,35.12,34.31,31.5,864,55,162,1414,2026-01-10T15:32:51.462Z
69627124231aeadabc091c31,esp32-001,teste_tur_10_01,1768059172164,-8.051523074636641,-34.95007499636359,14.245954670983872,10.885147626454824,276.1808636263963,35.06,34.31,31.5,1061,623,96,1415,2026-01-10T15:32:52.476Z
69627126231aeadabc091c33,esp32-001,teste_tur_10_01,1768059174174,-8.051496757319894,-34.95024359475453,14.245954948612875,9.608386072811358,278.8700088460898,35.06,34.31,31.5,1044,243,-10,1417,2026-01-10T15:32:54.557Z
69627128231aeadabc091c35,esp32-001,teste_tur_10_01,1768059176156,-8.051471800458637,-34.95039828218628,14.24595497186658,8.618122201915545,279.601378497131,34.94,34.31,31.44,893,104,100,1419,2026-01-10T15:32:56.456Z
6962712a231aeadabc091c37,esp32-001,teste_tur_10_01,1768059178136,-8.051438319503184,-34.950516785332916,14.245954997575824,7.113351949608185,287.83390840000584,34.94,34.31,31.44,181,218,-51,1421,2026-01-10T15:32:58.548Z
6962712b231aeadabc091c39,esp32-001,teste_tur_10_01,1768059179153,-8.051390895579452,-34.950557436103495,14.245955015182803,6.6932406479306845,305.4087365472448,34.88,34.31,31.44,1880,264,206,1422,2026-01-10T15:32:59.463Z
6962712d231aeadabc091c3b,esp32-001,teste_tur_10_01,1768059181194,-8.05127905869446,-34.95059588158506,12.64514986197688,6.284119354494307,337.8710381273614,34.88,34.31,31.5,816,142,13,1424,2026-01-10T15:33:01.498Z
6962712f231aeadabc091c3d,esp32-001,teste_tur_10_01,1768059183115,-8.051150053328112,-34.950606090491675,11.011316937888003,7.030107329861573,352.7954422416197,-127,34.31,31.5,983,39,169,1426,2026-01-10T15:33:03.486Z
69627130231aeadabc091c3f,esp32-001,teste_tur_10_01,1768059184165,-8.051060379808185,-34.950603791720134,10.637943999052432,8.581949019308032,359.04567520611636,34.88,34.31,31.56,1027,-54,285,1427,2026-01-10T15:33:04.486Z
69627131231aeadabc091c41,esp32-001,teste_tur_10_01,1768059185184,-8.050964332037413,-34.95059470008981,9.15199347740751,9.687529507068607,3.385500893904233,35.25,34.38,31.75,1159,298,133,1438,2026-01-10T15:33:05.505Z
69627132231aeadabc091c43,esp32-001,teste_tur_10_01,1768059186203,-8.050876283865701,-34.950580111735825,9.025111333687201,9.768321132924372,6.645753381487245,35.31,34.38,31.75,769,563,126,1439,2026-01-10T15:33:06.527Z
69627134231aeadabc091c45,esp32-001,teste_tur_10_01,1768059188185,-8.050639240560345,-34.950542374992146,8.328166865118424,12.447371146317748,7.892744220221225,35.38,34.38,31.75,536,688,-247,1441,2026-01-10T15:33:08.496Z
69627135231aeadabc091c47,esp32-001,teste_tur_10_01,1768059189200,-8.050514555492429,-34.950529053252204,6.40522229516893,13.202741464462685,7.211824109355046,35.38,34.38,31.75,1164,224,85,1442,2026-01-10T15:33:09.505Z
69627137231aeadabc091c49,esp32-001,teste_tur_10_01,1768059191213,-8.050248488856509,-34.95051511595788,6.17209949418326,14.253366578379246,3.5555994561416897,35.38,34.38,31.69,904,294,-175,1444,2026-01-10T15:33:11.602Z
69627139231aeadabc091c4b,esp32-001,teste_tur_10_01,1768059193194,-8.04997313078984,-34.95047816331327,6.175192301631075,15.038426236701923,6.044190948508192,35.38,34.38,31.62,1274,139,35,1446,2026-01-10T15:33:13.502Z
6962713a231aeadabc091c4d,esp32-001,teste_tur_10_01,1768059194213,-8.049840794347414,-34.950458717030386,5.853534709502727,14.941983319243354,7.36519057470478,35.38,34.38,31.62,1321,279,69,1447,2026-01-10T15:33:14.521Z
6962713c231aeadabc091c4f,esp32-001,teste_tur_10_01,1768059196221,-8.049538932611416,-34.95043727636222,5.141321983789619,16.08833106812467,6.022772284399454,35.44,34.38,31.56,1711,40,336,1449,2026-01-10T15:33:16.612Z
6962713e231aeadabc091c51,esp32-001,teste_tur_10_01,1768059198204,-8.049229538443498,-34.95041467894156,6.741970070361063,16.50463936308346,4.6078329180363236,35.38,34.38,31.56,1267,155,189,1451,2026-01-10T15:33:18.520Z
6962713f231aeadabc091c53,esp32-001,teste_tur_10_01,1768059199224,-8.049089844564579,-34.95039692728914,6.511149726035568,15.798798134746049,5.261769578597376,35.38,34.38,31.56,1116,249,90,1452,2026-01-10T15:33:19.537Z
69627141231aeadabc091c55,esp32-001,teste_tur_10_01,1768059201238,-8.04886034489311,-34.95039202354625,6.760165748683976,12.805335549379635,1.142653512678317,35.31,34.38,31.56,936,169,52,1454,2026-01-10T15:33:21.606Z
69627143231aeadabc091c57,esp32-001,teste_tur_10_01,1768059203214,-8.048706926405146,-34.95043788079304,5.608468599540513,9.12829938744104,344.5972932005439,35.31,34.38,31.56,1454,-10,156,1456,2026-01-10T15:33:23.525Z
69627144231aeadabc091c59,esp32-001,teste_tur_10_01,1768059204238,-8.048657086158665,-34.95048401744952,5.364183382782132,8.010355051270231,330.6175441454798,35.31,34.38,31.5,1005,280,57,1457,2026-01-10T15:33:24.604Z
69627146231aeadabc091c5b,esp32-001,teste_tur_10_01,1768059206244,-8.048607373697754,-34.95060531823406,6.371576122971541,6.776847219811778,296.16761552459536,35.25,34.38,31.56,1247,143,179,1459,2026-01-10T15:33:26.628Z
69627148231aeadabc091c5d,esp32-001,teste_tur_10_01,1768059208223,-8.048607618353582,-34.95072887710422,7.603349034601395,6.549802769317396,273.57918135168586,35.25,34.38,31.5,1019,92,-1,1461,2026-01-10T15:33:28.547Z
69627149231aeadabc091c5f,esp32-001,teste_tur_10_01,1768059209244,-8.048605235177781,-34.95078668777283,8.521783909052068,6.327399377797132,272.4857485553859,35.25,34.38,31.5,1138,-9,76,1462,2026-01-10T15:33:29.543Z
6962714b231aeadabc091c61,esp32-001,teste_tur_10_01,1768059211249,-8.048597117127425,-34.95085549696485,7.783030897677817,3.8365548316678386,276.15714467632915,35.25,34.38,31.56,802,379,73,1464,2026-01-10T15:33:31.631Z
6962714d231aeadabc091c63,esp32-001,teste_tur_10_01,1768059213235,-8.048581699964602,-34.95092093194415,8.364589256820933,3.911781518834632,281.50350793426503,35.25,34.44,31.56,1220,320,228,1466,2026-01-10T15:33:33.541Z
6962714e231aeadabc091c65,esp32-001,teste_tur_10_01,1768059214253,-8.048580121259901,-34.950978870519535,8.822726487957093,5.222111590555993,274.5341572362406,35.25,34.44,31.56,840,456,38,1467,2026-01-10T15:33:34.556Z
69627150231aeadabc091c67,esp32-001,teste_tur_10_01,1768059216264,-8.048562208905608,-34.95114697381468,9.586794695578451,8.458865285682153,276.4511295786664,35.31,34.38,31.56,1521,614,223,1469,2026-01-10T15:33:36.659Z
69627152231aeadabc091c69,esp32-001,teste_tur_10_01,1768059218245,-8.048540803802275,-34.9513654296736,7.994016067299339,11.261397868720538,275.8626832158701,35.31,34.44,31.56,1025,386,212,1471,2026-01-10T15:33:38.547Z
69627153231aeadabc091c6b,esp32-001,teste_tur_10_01,1768059219265,-8.048530593798027,-34.95148727683932,7.148423298483086,12.28763811348807,275.2085429831038,35.38,34.44,31.62,1368,-44,233,1472,2026-01-10T15:33:39.562Z
69627155231aeadabc091c6d,esp32-001,teste_tur_10_01,1768059221267,-8.04851081054425,-34.951739457959725,6.2468731054279765,13.378964026829054,275.336028270473,35.38,34.44,31.56,1291,356,-46,1474,2026-01-10T15:33:41.646Z
69627157231aeadabc091c6f,esp32-001,teste_tur_10_01,1768059223255,-8.048492942450933,-34.9520150647894,7.298197906351894,14.51318650782188,274.8255083490209,35.38,34.44,31.56,1620,-188,162,1476,2026-01-10T15:33:43.564Z
69627158231aeadabc091c71,esp32-001,teste_tur_10_01,1768059224274,-8.048476165324152,-34.95215400769394,7.301059023228134,14.637330730908015,276.23689982534097,35.38,34.44,31.56,932,203,-108,1477,2026-01-10T15:33:44.575Z
6962715a231aeadabc091c73,esp32-001,teste_tur_10_01,1768059226287,-8.04845548356552,-34.952402498143854,7.724793081909568,13.571133959164488,275.2967997853232,35.38,34.44,31.56,1161,150,132,1479,2026-01-10T15:33:46.695Z
6962715c231aeadabc091c75,esp32-001,teste_tur_10_01,1768059228265,-8.048438054025457,-34.952628802882515,7.164795399121695,12.313613179402237,273.81331592391746,35.38,34.44,31.62,878,-616,386,1481,2026-01-10T15:33:48.596Z
6962715d231aeadabc091c77,esp32-001,teste_tur_10_01,1768059229287,-8.048431595718514,-34.95271347425522,6.12342400418413,10.595855647740223,273.33593230086933,35.38,34.44,31.62,1248,203,-3,1482,2026-01-10T15:33:49.733Z
6962715f231aeadabc091c79,esp32-001,teste_tur_10_01,1768059231293,-8.048482152377813,-34.95284392752931,6.5615738652675715,7.934832915696481,250.33695903527484,35.44,34.44,31.62,1151,138,132,1484,2026-01-10T15:33:51.678Z
69627161231aeadabc091c7b,esp32-001,teste_tur_10_01,1768059233275,-8.048622123469118,-34.95295078731775,5.094605123714318,9.027011408977188,220.42949298393114,35.38,34.44,31.62,1052,332,-27,1486,2026-01-10T15:33:53.572Z
69627162231aeadabc091c7d,esp32-001,teste_tur_10_01,1768059234294,-8.048698379553851,-34.95296046551504,5.998240317506393,8.38328100788057,203.18439973936495,35.38,34.44,31.62,971,175,114,1487,2026-01-10T15:33:54.620Z
69627164231aeadabc091c7f,esp32-001,teste_tur_10_01,1768059236304,-8.048849913186153,-34.95296905517269,7.8084346489745,8.496881695962394,187.72907153020347,35.38,34.44,31.69,1062,442,233,1489,2026-01-10T15:33:56.701Z
69627166231aeadabc091c81,esp32-001,teste_tur_10_01,1768059238285,-8.049004147123552,-34.95297995304721,8.357807537996877,8.251383961596606,184.7698911549181,35.38,34.44,31.62,1122,38,45,1491,2026-01-10T15:33:58.621Z
69627167231aeadabc091c83,esp32-001,teste_tur_10_01,1768059239304,-8.04907914562171,-34.95299414370203,8.0584576753555,8.100650160354052,187.257423579072,35.38,34.44,31.62,1124,-65,-13,1492,2026-01-10T15:33:59.607Z
69627169231aeadabc091c85,esp32-001,teste_tur_10_01,1768059241284,-8.049145262908807,-34.95299990839506,8.632875855577995,3.7934607249729555,186.75572453205518,-127,34.5,31.56,1074,26,149,1494,2026-01-10T15:34:01.696Z
6962716a231aeadabc091c87,esp32-001,teste_tur_10_01,1768059242305,-8.049139441863552,-34.952997256254015,9.015185652286227,1.1401334385903357,185.5901721859794,35.44,34.44,31.62,1111,237,77,1495,2026-01-10T15:34:02.612Z
69627176231aeadabc091c89,esp32-001,teste_tur_10_01,1768059254306,-8.049538168873811,-34.95304991109578,11.713582125428331,10.021388592014967,186.2599607998032,35.5,34.5,31.56,1102,227,89,1497,2026-01-10T15:34:14.707Z
69627178231aeadabc091c8b,esp32-001,teste_tur_10_01,1768059256315,-8.049749985962782,-34.95307493728539,10.45322492564966,11.56464767767015,187.1958879238811,35.56,34.5,31.56,1125,261,93,1499,2026-01-10T15:34:16.731Z
6962717a231aeadabc091c8d,esp32-001,teste_tur_10_01,1768059258327,-8.049992238706677,-34.95310130554271,10.952344236463412,12.988704805332674,187.39528803499437,35.5,34.5,31.62,1147,344,126,1501,2026-01-10T15:34:18.710Z
6962717b231aeadabc091c8f,esp32-001,teste_tur_10_01,1768059259344,-8.050116577907902,-34.95311699818697,9.131784887383875,13.281335620543631,187.17017974923417,35.5,34.5,31.62,1432,-61,-12,1512,2026-01-10T15:34:19.652Z
6962717d231aeadabc091c91,esp32-001,teste_tur_10_01,1768059261355,-8.050359617913216,-34.9531319114327,6.423956431713431,13.048872038563264,184.34693213145067,35.44,34.5,31.62,1164,-61,26,1514,2026-01-10T15:34:21.651Z
6962717f231aeadabc091c93,esp32-001,teste_tur_10_01,1768059263364,-8.050564739489438,-34.95315360261269,7.902721792432628,11.204355480745427,186.09895740466516,35.38,34.5,31.62,1064,-239,19,1516,2026-01-10T15:34:23.748Z
69627181231aeadabc091c95,esp32-001,teste_tur_10_01,1768059265345,-8.050678845071802,-34.953167002214855,7.553754284961833,6.6272481355983714,186.05592791820055,35.31,34.5,31.62,1214,335,324,1518,2026-01-10T15:34:25.634Z
69627182231aeadabc091c97,esp32-001,teste_tur_10_01,1768059266394,-8.050713504364492,-34.95317200635429,7.035969531183446,5.229927298102822,187.2651800707143,35.31,34.5,31.62,1131,384,91,1519,2026-01-10T15:34:26.698Z
69627184231aeadabc091c99,esp32-001,teste_tur_10_01,1768059268378,-8.05083058170823,-34.95318258445524,7.014674395443424,6.586245981303035,187.27532486424056,35.25,34.5,31.56,1254,469,259,1521,2026-01-10T15:34:28.769Z
69627186231aeadabc091c9b,esp32-001,teste_tur_10_01,1768059270354,-8.051016478900955,-34.95320462775689,9.601679650232287,9.66351816003226,187.0194072156928,35.25,34.5,31.56,1266,144,113,1523,2026-01-10T15:34:30.655Z
69627188231aeadabc091c9d,esp32-001,teste_tur_10_01,1768059272017,-8.05124451453565,-34.95322784429201,8.77177316233731,12.020438994309478,186.09921647350603,35.19,34.5,31.62,873,407,-118,1524,2026-01-10T15:34:32.413Z
69627189231aeadabc091c9f,esp32-001,teste_tur_10_01,1768059273385,-8.051357529624537,-34.95323492930441,7.846937581875187,12.20896836054301,184.85039697183936,35.19,34.56,31.62,1284,-47,99,1526,2026-01-10T15:34:33.682Z
6962718b231aeadabc091ca1,esp32-001,teste_tur_10_01,1768059275364,-8.051585966213189,-34.95325947931616,7.013021051330945,12.146425877781361,185.02983146332664,35.12,34.5,31.62,742,298,147,1528,2026-01-10T15:34:35.743Z
6962718c231aeadabc091ca3,esp32-001,teste_tur_10_01,1768059276384,-8.051681543144284,-34.95327099181095,7.950323284145274,11.084410592391702,185.97163526066188,35.19,34.5,31.62,952,178,96,1529,2026-01-10T15:34:36.689Z
6962718e231aeadabc091ca5,esp32-001,teste_tur_10_01,1768059278395,-8.05180905013913,-34.953266568496105,8.126580247880028,7.283302029929255,176.88702621140712,35.12,34.5,31.69,932,349,83,1531,2026-01-10T15:34:38.777Z
69627190231aeadabc091ca7,esp32-001,teste_tur_10_01,1768059280375,-8.051838061305267,-34.95319154429565,7.050428106297509,4.361385860931996,123.56992016601171,35.19,34.56,31.69,1031,313,53,1533,2026-01-10T15:34:40.675Z
69627191231aeadabc091ca9,esp32-001,teste_tur_10_01,1768059281395,-8.05184104419903,-34.95313479758821,6.726302180330024,5.310896159625824,102.3350436028292,35.19,34.56,31.75,1236,479,120,1534,2026-01-10T15:34:41.743Z
69627193231aeadabc091cab,esp32-001,teste_tur_10_01,1768059283406,-8.051839966464982,-34.95296557836224,6.789194701667623,8.732614717712236,91.61601264562758,35.19,34.5,31.69,1018,408,57,1536,2026-01-10T15:34:43.802Z
69627195231aeadabc091cad,esp32-001,teste_tur_10_01,1768059285384,-8.051849897239537,-34.952760486004756,8.006641963814992,11.083890582337782,93.81433104696866,35.25,34.56,31.62,1126,243,87,1538,2026-01-10T15:34:45.678Z
69627196231aeadabc091caf,esp32-001,teste_tur_10_01,1768059286405,-8.051859430719526,-34.95265120286997,8.861423764223964,11.745531684663165,94.74350138648488,35.25,34.56,31.56,980,306,89,1539,2026-01-10T15:34:46.699Z
69627199231aeadabc091cb1,esp32-001,teste_tur_10_01,1768059289017,-8.05188358258559,-34.95228017692288,8.081460694297807,13.600265415816576,93.56499126318373,35.25,34.56,31.56,1070,225,127,1541,2026-01-10T15:34:49.390Z
6962719a231aeadabc091cb3,esp32-001,teste_tur_10_01,1768059290398,-8.051890748905304,-34.95214596959482,6.701462826510791,14.191056989753774,93.17831263598826,35.25,34.56,31.56,1110,124,72,1543,2026-01-10T15:34:50.698Z
6962719b231aeadabc091cb5,esp32-001,teste_tur_10_01,1768059291415,-8.051901711207096,-34.95201008367911,6.489326856818266,14.712801680408884,93.84448960654738,35.19,34.56,31.56,941,696,47,1544,2026-01-10T15:34:51.733Z
6962719d231aeadabc091cb7,esp32-001,teste_tur_10_01,1768059293425,-8.051922789356762,-34.95172670530309,7.085477950503959,15.514799462107973,94.49450744209494,35.19,34.56,31.56,984,410,54,1546,2026-01-10T15:34:53.821Z
6962719f231aeadabc091cb9,esp32-001,teste_tur_10_01,1768059295406,-8.0519375590998,-34.95144000594658,4.694425996683003,15.84156877395808,93.38031736083686,35.19,34.56,31.56,1006,200,108,1548,2026-01-10T15:34:55.734Z
696271a0231aeadabc091cbb,esp32-001,teste_tur_10_01,1768059296424,-8.051946908852036,-34.95129208130457,4.039431748474832,16.090031148289626,93.43807791143865,35.19,34.56,31.62,746,375,-22,1549,2026-01-10T15:34:56.726Z
696271a2231aeadabc091cbd,esp32-001,teste_tur_10_01,1768059298435,-8.051962134767884,-34.950996255036536,6.903222847089322,16.407175235346124,93.26368904683974,35.12,34.56,31.62,795,406,25,1551,2026-01-10T15:34:58.812Z
696271a4231aeadabc091cbf,esp32-001,teste_tur_10_01,1768059300405,-8.051984742349873,-34.95070391798528,6.551822304770284,16.332489825864887,94.2742357037114,35.12,34.56,31.62,1158,42,72,1553,2026-01-10T15:35:00.716Z
696271a5231aeadabc091cc1,esp32-001,teste_tur_10_01,1768059301431,-8.051995481407149,-34.95055396652795,6.437157040771859,16.53823839034061,94.23702272398621,35.06,34.56,31.62,834,414,49,1554,2026-01-10T15:35:01.741Z
696271a7231aeadabc091cc3,esp32-001,teste_tur_10_01,1768059303450,-8.05200952282427,-34.950255604997196,7.939353306189301,16.535418781619637,92.70388884644309,35,34.56,31.69,691,295,5,1556,2026-01-10T15:35:03.850Z
696271a9231aeadabc091cc5,esp32-001,teste_tur_10_01,1768059305429,-8.05202457669284,-34.949951535105214,9.153202465506107,16.740315246142753,93.02887755848528,35,34.56,31.69,910,15,139,1558,2026-01-10T15:35:05.739Z
696271aa231aeadabc091cc7,esp32-001,teste_tur_10_01,1768059306455,-8.052040021835392,-34.949810680434055,7.53969890626841,16.146978161029576,94.63152310512581,35,34.56,31.69,709,711,79,1559,2026-01-10T15:35:06.738Z
696271ac231aeadabc091cc9,esp32-001,teste_tur_10_01,1768059308465,-8.052056315177726,-34.949499810416995,9.145468025732743,16.8409107216563,93.46834021674574,34.94,34.56,31.69,432,61,-19,1561,2026-01-10T15:35:08.829Z
696271ae231aeadabc091ccb,esp32-001,teste_tur_10_01,1768059310447,-8.05207309094889,-34.94920183275677,8.435916746888172,16.54574247099206,93.0296285587964,34.94,34.56,31.62,1181,407,116,1563,2026-01-10T15:35:10.725Z
696271af231aeadabc091ccd,esp32-001,teste_tur_10_01,1768059311469,-8.052079531923443,-34.949058141299645,7.470898444670708,16.287666803330882,92.91241999825925,34.94,34.56,31.56,918,360,-114,1564,2026-01-10T15:35:11.768Z
696271bb231aeadabc091ccf,esp32-001,teste_tur_10_01,1768059323477,-8.052164040613162,-34.94767876208522,14.242199402161516,9.43599846560057,93.52011087237297,34.94,34.62,31.5,1426,-113,139,1566,2026-01-10T15:35:23.829Z
696271bd231aeadabc091cd1,esp32-001,teste_tur_10_01,1768059325458,-8.052159762128813,-34.94757343033726,14.244267907521653,6.141677250607217,87.20859970543368,34.88,34.62,31.44,1131,225,101,1568,2026-01-10T15:35:25.746Z
696271be231aeadabc091cd3,esp32-001,teste_tur_10_01,1768059326475,-8.0521365013796,-34.94754178118832,14.244605226084381,4.941611829075815,70.58455117766093,34.88,34.56,31.44,754,233,14,1569,2026-01-10T15:35:26.770Z
696271c0231aeadabc091cd5,esp32-001,teste_tur_10_01,1768059328488,-8.052067446445408,-34.94751189517543,14.24499078139968,4.028544639497069,29.48422171156129,34.88,34.56,31.44,1179,367,195,1571,2026-01-10T15:35:28.845Z
696271c2231aeadabc091cd7,esp32-001,teste_tur_10_01,1768059330463,-8.051977072483758,-34.94754924388263,14.245204925741643,4.847772398255804,339.5914643230042,34.81,34.56,31.5,887,150,19,1573,2026-01-10T15:35:30.748Z
696271c3231aeadabc091cd9,esp32-001,teste_tur_10_01,1768059331489,-8.051951455302587,-34.94758704836487,14.24527984166844,4.7424520339487835,318.70175972918196,34.81,34.62,31.44,1063,355,256,1574,2026-01-10T15:35:31.776Z
696271c5231aeadabc091cdb,esp32-001,teste_tur_10_01,1768059333529,-8.051932066331645,-34.94768139818577,14.245392317588724,4.833512043324099,286.15851388652544,34.75,34.62,31.38,952,-16,25,1576,2026-01-10T15:35:33.883Z
696271c7231aeadabc091cdd,esp32-001,teste_tur_10_01,1768059335509,-8.051923773476588,-34.94775128348375,14.24547272583756,4.0012867512187285,281.0055819775498,34.75,34.62,31.44,845,281,-29,1578,2026-01-10T15:35:35.780Z
696271c8231aeadabc091cdf,esp32-001,teste_tur_10_01,1768059336529,-8.051915786149621,-34.94780298574614,14.245504859660574,5.120201206481402,278.8907152918747,34.75,34.62,31.44,1059,393,79,1579,2026-01-10T15:35:36.834Z
696271ca231aeadabc091ce1,esp32-001,teste_tur_10_01,1768059338540,-8.051895121678106,-34.94797166215639,14.245658184318549,8.678616605438005,277.2335727130261,34.69,34.62,31.44,1033,180,357,1581,2026-01-10T15:35:38.911Z
696271cc231aeadabc091ce3,esp32-001,teste_tur_10_01,1768059340520,-8.05185928602861,-34.948172972114875,14.245844908631879,10.94058838775405,280.2977321818573,34.75,34.62,31.44,1092,260,14,1583,2026-01-10T15:35:40.811Z
696271cd231aeadabc091ce5,esp32-001,teste_tur_10_01,1768059341535,-8.051833991691582,-34.94828235369672,14.245896235193017,11.721025527085335,281.8990435265345,34.75,34.62,31.44,1319,31,103,1584,2026-01-10T15:35:41.811Z
696271cf231aeadabc091ce7,esp32-001,teste_tur_10_01,1768059343522,-8.051780624600758,-34.948517980582864,14.245939612838647,13.07901899306004,281.85958584336026,34.75,34.62,31.5,1596,-246,210,1586,2026-01-10T15:35:43.883Z
696271d1231aeadabc091ce9,esp32-001,teste_tur_10_01,1768059345502,-8.0517396948183,-34.948780250709525,14.245951731198085,14.435092048416694,279.7955926666432,34.81,34.62,31.5,1051,504,1,1588,2026-01-10T15:35:45.780Z
696271d2231aeadabc091ceb,esp32-001,teste_tur_10_01,1768059346522,-8.051715446726881,-34.94891833408341,14.24595361848193,15.048635526796437,279.887447029316,34.81,34.62,31.56,1625,331,326,1589,2026-01-10T15:35:46.798Z
696271d4231aeadabc091ced,esp32-001,teste_tur_10_01,1768059348533,-8.051662009402504,-34.94920187478981,14.245954451588961,15.805509476084705,280.76753402735335,34.88,34.62,31.56,1195,268,146,1591,2026-01-10T15:35:48.881Z
696271d6231aeadabc091cef,esp32-001,teste_tur_10_01,1768059350513,-8.051600398342902,-34.94949852638548,14.245954181602341,16.51324505644562,281.07767989233656,34.88,34.62,31.62,984,543,191,1593,2026-01-10T15:35:50.784Z
696271d7231aeadabc091cf1,esp32-001,teste_tur_10_01,1768059351527,-8.051574930011926,-34.94964870085914,14.245954244177076,16.65526894445044,280.41084346022967,34.88,34.62,31.62,978,28,32,1594,2026-01-10T15:35:51.796Z
696271d9231aeadabc091cf3,esp32-001,teste_tur_10_01,1768059353568,-8.051526379804754,-34.949957310971406,14.2459542476497,16.914642110239292,279.03109498255697,34.88,34.62,31.69,1288,320,178,1596,2026-01-10T15:35:53.905Z
696271db231aeadabc091cf5,esp32-001,teste_tur_10_01,1768059355551,-8.051486403616508,-34.95025495920352,14.245954806713002,15.995415116131003,277.4772313491526,34.81,34.69,31.62,1074,314,135,1598,2026-01-10T15:35:55.832Z
696271dc231aeadabc091cf7,esp32-001,teste_tur_10_01,1768059356572,-8.051469506371614,-34.950362432312964,14.24595502763482,13.646099585058893,278.6456863117964,34.81,34.62,31.62,1293,233,123,1599,2026-01-10T15:35:56.856Z
696271de231aeadabc091cf9,esp32-001,teste_tur_10_01,1768059358523,-8.051428091733714,-34.9505105659547,10.022521704973748,8.739471087088537,286.10190881261485,34.81,34.62,31.62,1456,268,178,1601,2026-01-10T15:35:58.886Z
696271df231aeadabc091cfb,esp32-001,teste_tur_10_01,1768059359572,-8.051400351839145,-34.950551064635285,9.737081099903756,6.626792292982361,294.81497651285684,34.81,34.69,31.69,1187,86,150,1612,2026-01-10T15:35:59.851Z
696271e1231aeadabc091cfd,esp32-001,teste_tur_10_01,1768059361582,-8.051311621816858,-34.95059279999995,9.308548973611545,5.436680479501972,331.080270153002,34.81,34.69,31.75,1045,503,7,1614,2026-01-10T15:36:01.939Z
696271e2231aeadabc091cff,esp32-001,teste_tur_10_01,1768059362603,-8.051257484158816,-34.9505894996128,9.093007271258955,5.427802639212512,349.4954342722427,-127,34.69,31.75,1104,575,148,1615,2026-01-10T15:36:02.871Z
696271e4231aeadabc091d01,esp32-001,teste_tur_10_01,1768059364597,-8.051129008193712,-34.950573916012964,8.847190592800896,6.90516936048809,3.6243763462335497,34.94,34.69,31.75,1043,477,210,1617,2026-01-10T15:36:04.950Z
696271e7231aeadabc091d03,esp32-001,teste_tur_10_01,1768059367034,-8.050836855501199,-34.95054919067104,9.801257828784083,10.798142829755411,5.674326381722087,35,34.69,31.75,792,368,-79,1619,2026-01-10T15:36:07.404Z
696271e8231aeadabc091d05,esp32-001,teste_tur_10_01,1768059368563,-8.050726273290234,-34.950540319439845,8.520943036662782,11.600543877781726,4.967204016598434,35.06,34.69,31.75,1843,-233,643,1621,2026-01-10T15:36:08.856Z
696271e9231aeadabc091d07,esp32-001,teste_tur_10_01,1768059369593,-8.050601321107035,-34.95053771821801,8.189215165408044,12.639610505316998,3.2087967299028954,35.12,34.69,31.75,1166,333,122,1622,2026-01-10T15:36:09.875Z
696271eb231aeadabc091d09,esp32-001,teste_tur_10_01,1768059371603,-8.050350214943958,-34.95052064808056,6.2157850329664885,13.704211981974801,4.441425985787123,35.12,34.69,31.75,1553,496,280,1624,2026-01-10T15:36:11.979Z
696271ec231aeadabc091d0b,esp32-001,teste_tur_10_01,1768059372622,-8.050221324051865,-34.9505160155431,6.673517492624266,14.037409350408721,3.0414593404076595,35.19,34.75,31.75,817,528,60,1625,2026-01-10T15:36:12.903Z
696271ee231aeadabc091d0d,esp32-001,teste_tur_10_01,1768059374603,-8.049944097313762,-34.95048305682733,5.922170453805979,15.138646572991844,4.83561637992831,35.19,34.69,31.75,966,234,102,1627,2026-01-10T15:36:14.868Z
696271f0231aeadabc091d0f,esp32-001,teste_tur_10_01,1768059376613,-8.049689978572847,-34.95045173680307,8.563116099627209,14.030495799662686,6.655789223183414,35.19,34.75,31.75,1139,508,0,1629,2026-01-10T15:36:16.962Z
696271f2231aeadabc091d11,esp32-001,teste_tur_10_01,1768059378593,-8.049436161554755,-34.95044115806232,6.298377204540918,13.534730701711913,4.127759411668694,35.19,34.75,31.75,958,383,134,1631,2026-01-10T15:36:18.861Z
696271f3231aeadabc091d13,esp32-001,teste_tur_10_01,1768059379605,-8.049318939762033,-34.950427192364884,6.753426263734301,13.097149631917635,5.49876043169538,35.19,34.75,31.75,1412,169,140,1632,2026-01-10T15:36:19.868Z
696271f5231aeadabc091d15,esp32-001,teste_tur_10_01,1768059381624,-8.049104343685299,-34.95039137226006,5.200773603690176,12.07967403929404,8.382077373797095,35.19,34.75,31.69,989,392,35,1634,2026-01-10T15:36:21.972Z
696271f7231aeadabc091d17,esp32-001,teste_tur_10_01,1768059383602,-8.048899815011985,-34.95038497721667,4.9754733632858255,11.175820232634981,3.4753804786642015,35.19,34.75,31.75,980,249,59,1636,2026-01-10T15:36:23.976Z
696271f8231aeadabc091d19,esp32-001,teste_tur_10_01,1768059384620,-8.048809139238902,-34.95039746037142,5.859981097973766,10.470092136258252,357.95189979981933,35.19,34.75,31.75,903,159,133,1637,2026-01-10T15:36:24.895Z
696271fa231aeadabc091d1b,esp32-001,teste_tur_10_01,1768059386633,-8.04865386093026,-34.95047142118124,7.001216045857284,9.343691916815827,336.53041647430337,35.12,34.75,31.75,1113,74,-51,1639,2026-01-10T15:36:26.991Z
696271fc231aeadabc091d1d,esp32-001,teste_tur_10_01,1768059388612,-8.0485950434988,-34.9505967164969,7.304157257556333,7.084991424320803,300.1053503166379,35.06,34.75,31.69,1240,205,43,1641,2026-01-10T15:36:28.886Z
696271fd231aeadabc091d1f,esp32-001,teste_tur_10_01,1768059389633,-8.048589154010628,-34.950654249974164,6.749435764492731,6.338953335971381,285.2567676974805,35.12,34.75,31.69,1062,287,184,1642,2026-01-10T15:36:29.899Z
69627200231aeadabc091d21,esp32-001,teste_tur_10_01,1768059391643,-8.048594364878973,-34.95075124386737,6.078559368391259,5.392068209254744,271.63628588989707,35.06,34.75,31.69,1046,353,-58,1644,2026-01-10T15:36:32.010Z
69627201231aeadabc091d23,esp32-001,teste_tur_10_01,1768059393623,-8.048590514862871,-34.95084226970004,5.980877449608194,5.042640213351684,274.0775139083194,35.06,34.75,31.69,832,108,-1,1646,2026-01-10T15:36:33.910Z
69627202231aeadabc091d25,esp32-001,teste_tur_10_01,1768059394643,-8.048589043323766,-34.95087260515625,6.11785512029181,4.170714030159189,275.34526607114776,35.06,34.75,31.75,702,633,-22,1647,2026-01-10T15:36:34.914Z
69627205231aeadabc091d27,esp32-001,teste_tur_10_01,1768059396653,-8.048587899889599,-34.950953115272846,6.612855744724598,4.433826117835464,272.3504613378746,35.06,34.75,31.75,1222,280,96,1649,2026-01-10T15:36:37.033Z
69627206231aeadabc091d29,esp32-001,teste_tur_10_01,1768059398634,-8.048566352643325,-34.951087511142305,8.133062718016939,6.9850511206379915,278.0612697612267,35.06,34.75,31.75,915,381,-93,1651,2026-01-10T15:36:38.923Z
69627207231aeadabc091d2b,esp32-001,teste_tur_10_01,1768059399653,-8.048554941816876,-34.951184398390176,8.981254982826046,8.723840503453047,276.9603827120449,35.06,34.81,31.75,957,300,19,1652,2026-01-10T15:36:39.940Z
6962720a231aeadabc091d2d,esp32-001,teste_tur_10_01,1768059402037,-8.048534248180175,-34.951436797383366,9.628826634009197,8.6285794944936,275.7830994450665,35.06,34.75,31.75,1076,504,146,1654,2026-01-10T15:36:42.411Z
6962720b231aeadabc091d2f,esp32-001,teste_tur_10_01,1768059403644,-8.0485236908664,-34.95152061061988,9.827734229343767,8.827362752868007,276.7481022146154,35.06,34.81,31.81,1417,450,254,1656,2026-01-10T15:36:43.930Z
6962720c231aeadabc091d31,esp32-001,teste_tur_10_01,1768059404663,-8.0485161380475,-34.95161598255779,9.751825519247841,9.48874640135238,276.41186646958806,35.06,34.81,31.81,1427,346,170,1657,2026-01-10T15:36:44.942Z
6962720f231aeadabc091d33,esp32-001,teste_tur_10_01,1768059406674,-8.04850143270896,-34.95183425010434,6.91540174852025,11.22107799424862,275.5374458762246,35.06,34.81,31.81,1722,152,145,1659,2026-01-10T15:36:47.015Z
69627210231aeadabc091d35,esp32-001,teste_tur_10_01,1768059408656,-8.048482684622332,-34.95208546186634,6.127046408170776,12.871943778262308,275.25301658042406,35.12,34.81,31.88,807,525,38,1661,2026-01-10T15:36:48.938Z
69627211231aeadabc091d37,esp32-001,teste_tur_10_01,1768059409674,-8.048468933542356,-34.952218116130354,6.940662266659319,13.572185169614281,276.10460004261085,35.06,34.81,31.88,991,295,-33,1662,2026-01-10T15:36:49.970Z
69627214231aeadabc091d39,esp32-001,teste_tur_10_01,1768059411681,-8.048439231424007,-34.952454759903155,6.670414531316138,12.892739265557193,277.72026993020086,35.12,34.81,31.94,1288,-87,247,1664,2026-01-10T15:36:52.046Z
69627216231aeadabc091d3b,esp32-001,teste_tur_10_01,1768059413658,-8.048416234655836,-34.9526717500903,7.879301706142052,11.954309450045155,274.711290740532,35.06,34.81,31.94,1075,132,57,1666,2026-01-10T15:36:54.081Z
69627216231aeadabc091d3d,esp32-001,teste_tur_10_01,1768059414684,-8.048436783318623,-34.95276271192632,6.832214933567163,10.890953059605078,265.60809515283984,35.06,34.81,31.94,1138,176,-41,1667,2026-01-10T15:36:54.959Z
69627219231aeadabc091d3f,esp32-001,teste_tur_10_01,1768059416694,-8.048524030884613,-34.95289830151965,5.8201063769540955,8.9451234567602,240.04000632529613,35,34.81,32,1163,149,-101,1669,2026-01-10T15:36:57.078Z
6962721a231aeadabc091d41,esp32-001,teste_tur_10_01,1768059418673,-8.048653955932458,-34.95295944862401,5.16774706694328,7.714647565824842,211.65110019282633,34.94,34.88,32,976,347,-96,1671,2026-01-10T15:36:58.938Z
6962721b231aeadabc091d43,esp32-001,teste_tur_10_01,1768059419694,-8.048714573655701,-34.95296980419368,5.76453039692984,7.053601636736239,201.72915964629058,34.94,34.88,32,995,405,121,1672,2026-01-10T15:36:59.974Z
6962721e231aeadabc091d45,esp32-001,teste_tur_10_01,1768059421705,-8.04887464460996,-34.952962197355326,6.118197131052087,8.718378717335248,183.1602407141572,34.94,34.88,32,1100,192,-93,1674,2026-01-10T15:37:02.077Z
6962721f231aeadabc091d47,esp32-001,teste_tur_10_01,1768059423685,-8.049043879446836,-34.952996558784136,6.507474979318511,9.101390582067184,190.31145077876124,34.88,34.88,32.06,932,173,-56,1676,2026-01-10T15:37:03.964Z
69627220231aeadabc091d49,esp32-001,teste_tur_10_01,1768059424703,-8.049127174170426,-34.95300816111353,6.7049620473685305,8.98826075064883,189.6873154341959,34.88,34.88,32.06,954,533,-68,1677,2026-01-10T15:37:04.983Z
69627223231aeadabc091d4b,esp32-001,teste_tur_10_01,1768059426717,-8.049211179091193,-34.953013168263475,7.681832118626455,4.928750022315724,185.9467922293333,34.88,34.88,32.06,1312,219,255,1679,2026-01-10T15:37:07.078Z
69627225231aeadabc091d4d,esp32-001,teste_tur_10_01,1768059428694,-8.04930708896806,-34.95303044301971,8.404190478871563,5.75789939237269,189.978848080774,34.81,34.88,32.06,1178,56,69,1681,2026-01-10T15:37:09.004Z
69627226231aeadabc091d4f,esp32-001,teste_tur_10_01,1768059429715,-8.04939793830169,-34.953040748613496,8.428597533369494,7.868503529371916,188.44414448903268,34.88,34.88,32.06,1177,261,13,1682,2026-01-10T15:37:10.083Z
69627228231aeadabc091d51,esp32-001,teste_tur_10_01,1768059431724,-8.049604911046094,-34.95305782112149,9.182245204860344,10.755919788553506,185.98789223045716,34.81,34.88,32.06,884,154,-18,1684,2026-01-10T15:37:12.102Z
6962722d231aeadabc091d53,esp32-001,teste_tur_10_01,1768059437039,-8.050339283889144,-34.95315062054926,9.711341629723224,13.99108933431606,186.3030652110058,34.81,34.88,32,1114,166,146,1686,2026-01-10T15:37:17.403Z
6962722f231aeadabc091d55,esp32-001,teste_tur_10_01,1768059438715,-8.050462055406342,-34.95315944730533,7.758327130443101,13.562833665692944,185.60097140449233,34.69,34.94,32.06,1137,-232,-17,1691,2026-01-10T15:37:19.001Z
69627230231aeadabc091d57,esp32-001,teste_tur_10_01,1768059439734,-8.050562760577906,-34.9531678230085,8.65944541753186,11.886046889340747,185.36960913861122,34.69,34.88,32.06,1022,-51,67,1692,2026-01-10T15:37:20.011Z
69627232231aeadabc091d59,esp32-001,teste_tur_10_01,1768059441743,-8.05066257108853,-34.95317848010317,8.712739751977045,6.059767520175304,185.43838659343385,34.69,34.88,32.12,1504,425,170,1694,2026-01-10T15:37:22.107Z
69627234231aeadabc091d5b,esp32-001,teste_tur_10_01,1768059443727,-8.050739177502956,-34.95318929835083,9.215426996647944,4.678857843882843,187.81329350325495,34.69,34.88,32.12,1303,180,240,1696,2026-01-10T15:37:24.094Z
69627235231aeadabc091d5d,esp32-001,teste_tur_10_01,1768059444744,-8.050794931030904,-34.95319766907654,9.197494788710534,5.52369584680194,188.65349850258406,34.69,34.88,32.12,1097,226,174,1697,2026-01-10T15:37:25.023Z
69627238231aeadabc091d5f,esp32-001,teste_tur_10_01,1768059448038,-8.05118420249253,-34.953223065083904,9.51140630685349,10.989240564351553,186.49634599599386,34.69,34.94,32.12,1231,438,97,1698,2026-01-10T15:37:28.411Z
6962723a231aeadabc091d61,esp32-001,teste_tur_10_01,1768059449754,-8.051300194160167,-34.95323475412996,8.398287562495414,11.937481784957303,186.12301736513578,34.69,34.88,32.19,967,-24,75,1702,2026-01-10T15:37:30.060Z
6962723b231aeadabc091d63,esp32-001,teste_tur_10_01,1768059450778,-8.051416876989967,-34.95324896713971,7.4494108543988675,12.336601295451548,186.0655083281763,34.69,34.94,32.25,1077,-43,100,1703,2026-01-10T15:37:31.071Z
6962723d231aeadabc091d65,esp32-001,teste_tur_10_01,1768059452754,-8.051636548928046,-34.953273610848555,6.658129747165622,11.83343784364909,186.70894014260074,34.69,34.94,32.25,880,-325,44,1705,2026-01-10T15:37:33.114Z
6962723f231aeadabc091d67,esp32-001,teste_tur_10_01,1768059454764,-8.051792950787325,-34.95327518389917,5.120754839657311,8.432485539944519,180.64889635980117,34.69,34.88,32.31,1059,241,-41,1707,2026-01-10T15:37:35.058Z
69627241231aeadabc091d69,esp32-001,teste_tur_10_01,1768059456774,-8.05183039049229,-34.953224344691506,5.903313393185079,3.867071328894442,141.76309044407395,34.69,34.94,32.38,1091,350,104,1709,2026-01-10T15:37:37.131Z
69627243231aeadabc091d6b,esp32-001,teste_tur_10_01,1768059458755,-8.0518450086532,-34.953123941686435,6.779182900469563,5.459750404281977,102.21258760603348,34.75,34.94,32.44,1236,170,153,1711,2026-01-10T15:37:39.051Z
69627244231aeadabc091d6d,esp32-001,teste_tur_10_01,1768059459774,-8.05184016178815,-34.95304990487774,7.144777616638063,6.945609521355592,91.70706559249508,34.75,34.94,32.44,1035,504,158,1712,2026-01-10T15:37:40.047Z
69627246231aeadabc091d6f,esp32-001,teste_tur_10_01,1768059461785,-8.05184351017854,-34.952866369007666,6.755223013883253,9.583145019288402,91.61984525872822,34.81,34.94,32.44,1305,627,-100,1714,2026-01-10T15:37:42.164Z
69627248231aeadabc091d71,esp32-001,teste_tur_10_01,1768059463768,-8.051856401688946,-34.952652587360795,6.886410707471033,11.428440942773163,93.47797350788225,34.81,34.94,32.38,1241,253,90,1716,2026-01-10T15:37:44.039Z
69627249231aeadabc091d73,esp32-001,teste_tur_10_01,1768059464784,-8.051861660557847,-34.95253542169026,8.318560097377514,12.267661503236264,93.25823610375771,34.81,34.94,32.44,1485,255,297,1717,2026-01-10T15:37:45.071Z
6962724b231aeadabc091d75,esp32-001,teste_tur_10_01,1768059466794,-8.051880645564806,-34.95227823487684,7.27063102739415,13.819550920868192,93.98322488290965,34.81,34.94,32.38,1456,390,315,1719,2026-01-10T15:37:47.156Z
6962724d231aeadabc091d77,esp32-001,teste_tur_10_01,1768059468775,-8.051898122227676,-34.95201576278552,8.191471622339993,14.487685973172585,93.59485941075393,34.75,34.94,32.38,1629,190,188,1721,2026-01-10T15:37:49.067Z
6962724e231aeadabc091d79,esp32-001,teste_tur_10_01,1768059469797,-8.05190593982096,-34.95187609957523,8.334095401140097,14.987346894047223,93.41768581367882,34.81,34.94,32.38,1476,270,296,1722,2026-01-10T15:37:50.078Z
6962724f231aeadabc091d7b,esp32-001,teste_tur_10_01,1768059471041,-8.051924475554811,-34.9515974550869,6.884156689366856,15.342240894485778,93.97543123578245,34.75,35,32.38,942,511,135,1723,2026-01-10T15:37:51.407Z
69627251231aeadabc091d7d,esp32-001,teste_tur_10_01,1768059472795,-8.051932676983789,-34.95144744890488,6.392067989507718,15.951195123719193,93.51146729750461,34.75,35,32.31,1061,510,74,1725,2026-01-10T15:37:53.062Z
69627253231aeadabc091d7f,esp32-001,teste_tur_10_01,1768059474805,-8.051951177821861,-34.95115192197049,6.382105271926125,16.231945125016765,93.43579554220773,34.69,34.94,32.38,1142,-533,146,1727,2026-01-10T15:37:55.163Z
69627255231aeadabc091d81,esp32-001,teste_tur_10_01,1768059476818,-8.051968520761273,-34.9508584811202,7.249809714136481,15.986213977611174,93.08192679853703,34.69,35,32.31,1097,206,105,1729,2026-01-10T15:37:57.111Z
69627257231aeadabc091d83,esp32-001,teste_tur_10_01,1768059478795,-8.051992381029892,-34.95055565377926,6.083314288116823,16.447517389959017,93.95423238086511,34.62,35,32.31,1177,282,-70,1731,2026-01-10T15:37:59.154Z
69627258231aeadabc091d85,esp32-001,teste_tur_10_01,1768059479815,-8.051997120107934,-34.950406433529984,7.688010410025673,16.46026985940883,92.84381978225572,34.56,35,32.31,1152,17,-46,1732,2026-01-10T15:38:00.092Z
6962725a231aeadabc091d87,esp32-001,teste_tur_10_01,1768059481826,-8.052020852867166,-34.95010294007783,9.192017961241916,16.603722867900082,94.38429896222435,34.5,35,32.25,393,532,-154,1734,2026-01-10T15:38:02.192Z
6962725c231aeadabc091d89,esp32-001,teste_tur_10_01,1768059483805,-8.052034799402232,-34.94979453104741,5.941868632266232,16.939580051139657,93.36048535459524,34.44,35,32.25,1125,462,180,1736,2026-01-10T15:38:04.094Z
6962725d231aeadabc091d8b,esp32-001,teste_tur_10_01,1768059484825,-8.05204299530288,-34.94964086278948,7.740704515264308,17.0258915255454,93.11900586665428,34.44,35,32.25,1381,453,196,1737,2026-01-10T15:38:05.115Z
6962725f231aeadabc091d8d,esp32-001,teste_tur_10_01,1768059486835,-8.052064592175308,-34.94933479036977,5.400247470529469,16.92869396049831,94.17504259576717,34.44,35,32.19,1169,692,86,1739,2026-01-10T15:38:07.190Z
69627261231aeadabc091d8f,esp32-001,teste_tur_10_01,1768059488815,-8.052086300271231,-34.949021913088465,6.697531931336776,17.255137325376676,94.3160970040262,34.38,35,32.19,1077,223,14,1741,2026-01-10T15:38:09.102Z
69627262231aeadabc091d91,esp32-001,teste_tur_10_01,1768059489834,-8.05209608559274,-34.948873021231904,8.40412032195115,16.95292324942404,93.95202491456915,34.31,35,32.12,1076,-67,8,1742,2026-01-10T15:38:10.252Z
6962726d231aeadabc091d93,esp32-001,teste_tur_10_01,1768059500816,-8.052157705269634,-34.94767542572158,14.242929324330493,8.426481213949453,93.63497806345823,34.31,35.06,32.06,571,22,27,1743,2026-01-10T15:38:21.193Z
6962726e231aeadabc091d95,esp32-001,teste_tur_10_01,1768059501837,-8.052158582581683,-34.947614685986366,14.243866620498629,7.344789912469158,92.5667648226551,34.25,35,32.06,1284,-25,178,1744,2026-01-10T15:38:22.141Z
69627270231aeadabc091d97,esp32-001,teste_tur_10_01,1768059503815,-8.05213855518357,-34.94753948338009,14.244706044233011,4.665440116931,75.17716601310963,34.19,35,31.94,1141,127,22,1746,2026-01-10T15:38:24.093Z
69627271231aeadabc091d99,esp32-001,teste_tur_10_01,1768059504836,-8.052106509939827,-34.94751759898387,14.244914141143507,4.062943022821033,53.155498919048135,34.19,35,31.88,863,215,12,1747,2026-01-10T15:38:25.134Z
69627273231aeadabc091d9b,esp32-001,teste_tur_10_01,1768059506847,-8.052037264339004,-34.94751573290015,14.245174321116977,3.5881151700570317,7.42637405205241,34.12,35,31.81,1083,74,78,1749,2026-01-10T15:38:27.221Z
69627275231aeadabc091d9d,esp32-001,teste_tur_10_01,1768059508827,-8.051971866818413,-34.94754781407584,14.245330247462311,3.6625609923838884,335.04858439733744,34.12,35.06,31.75,940,79,84,1751,2026-01-10T15:38:29.113Z
69627276231aeadabc091d9f,esp32-001,teste_tur_10_01,1768059509845,-8.05195499767,-34.94758423920501,14.245386934832235,3.6990329136603886,309.7358975283805,34.06,35,31.69,852,209,83,1752,2026-01-10T15:38:30.134Z
69627277231aeadabc091da1,esp32-001,teste_tur_10_01,1768059510860,-8.051943067889054,-34.947621022596394,14.24543426625326,3.707462007046527,294.882882366462,34.12,35.06,31.62,852,302,-5,1753,2026-01-10T15:38:31.137Z
69627278231aeadabc091da3,esp32-001,teste_tur_10_01,1768059511880,-8.051937147493419,-34.947662300858084,14.245474339226012,3.9952327008877173,284.71660021218145,34.06,35.06,31.56,1371,-170,539,1754,2026-01-10T15:38:32.146Z
6962727a231aeadabc091da5,esp32-001,teste_tur_10_01,1768059513855,-8.051923980722353,-34.94772200900815,14.24553833939942,3.3550640086288626,282.4415708857129,34.06,35.06,31.56,1101,258,-37,1756,2026-01-10T15:38:34.208Z
6962727b231aeadabc091da7,esp32-001,teste_tur_10_01,1768059514879,-8.05191659154107,-34.947756659109324,14.2455644067004,3.6743933858494002,282.47695270709437,34.06,35.06,31.56,1184,197,43,1757,2026-01-10T15:38:35.177Z
6962727d231aeadabc091da9,esp32-001,teste_tur_10_01,1768059516895,-8.051895429727935,-34.9478913147626,14.245628212684732,7.031160449528341,279.085292755923,34.06,35.06,31.5,835,341,-70,1759,2026-01-10T15:38:37.193Z
6962727f231aeadabc091dab,esp32-001,teste_tur_10_01,1768059518873,-8.05185898370019,-34.948070811349005,14.245792287708804,9.691679300359862,281.9396993673497,34.06,35.06,31.5,1151,198,116,1761,2026-01-10T15:38:39.249Z
69627280231aeadabc091dad,esp32-001,teste_tur_10_01,1768059519895,-8.051828898333495,-34.94817026622933,14.245858978760449,10.754040446005389,285.251810081595,34.12,35.06,31.5,1053,141,136,1762,2026-01-10T15:38:40.161Z
69627282231aeadabc091daf,esp32-001,teste_tur_10_01,1768059521873,-8.051773070924403,-34.94838856381669,14.24592803966558,12.16910566808299,284.6870708239831,34.12,35.12,31.44,1097,283,100,1764,2026-01-10T15:38:42.240Z
69627284231aeadabc091db1,esp32-001,teste_tur_10_01,1768059523851,-8.051732597039065,-34.94864202604715,14.245948862343822,13.70657648957891,279.64584450220406,34.19,35.12,31.5,1106,483,-19,1766,2026-01-10T15:38:44.133Z
69627285231aeadabc091db3,esp32-001,teste_tur_10_01,1768059524871,-8.051714613136044,-34.948774582412256,14.245952415697285,14.264131191983523,278.72011849360325,34.19,35.12,31.5,1331,253,97,1767,2026-01-10T15:38:45.149Z
69627287231aeadabc091db5,esp32-001,teste_tur_10_01,1768059526887,-8.051670659620372,-34.94904610061777,14.245954360525733,15.124764870546104,279.1444723714492,34.25,35.12,31.5,1403,380,110,1769,2026-01-10T15:38:47.259Z
69627289231aeadabc091db7,esp32-001,teste_tur_10_01,1768059528916,-8.05162529015169,-34.94934294222654,14.245954185633675,16.367361506340096,279.2473795100553,34.25,35.12,31.5,1410,196,111,1771,2026-01-10T15:38:49.190Z
6962728b231aeadabc091db9,esp32-001,teste_tur_10_01,1768059530906,-8.051578565748049,-34.949642202913914,14.245954049665281,16.621768441328463,278.8894491848624,34.25,35.12,31.5,741,356,-65,1773,2026-01-10T15:38:51.258Z
6962728c231aeadabc091dbb,esp32-001,teste_tur_10_01,1768059531925,-8.05155244642229,-34.94980170025413,14.245954110172255,17.22100344607781,279.0207528247135,34.19,35.12,31.5,955,217,54,1774,2026-01-10T15:38:52.199Z
6962728e231aeadabc091dbd,esp32-001,teste_tur_10_01,1768059533906,-8.05152207343111,-34.950092840491806,14.245954244946939,16.22623176943809,276.31356971765433,34.19,35.12,31.5,1256,334,262,1776,2026-01-10T15:38:54.280Z
6962728f231aeadabc091dbf,esp32-001,teste_tur_10_01,1768059534926,-8.051502126214798,-34.950263358853384,14.245954551721114,17.3403246657393,276.48962287995414,34.19,35.12,31.5,941,269,-107,1777,2026-01-10T15:38:55.192Z
69627291231aeadabc091dc1,esp32-001,teste_tur_10_01,1768059536933,-8.05144729809666,-34.950590880092435,14.245954946963819,17.92681692567432,279.1801346561979,34.19,35.12,31.5,1106,374,90,1779,2026-01-10T15:38:57.288Z
69627293231aeadabc091dc3,esp32-001,teste_tur_10_01,1768059538888,-8.051407617734442,-34.95091640349579,14.245954668272661,18.041046375212826,277.071022002626,34.12,35.12,31.5,1507,282,164,1781,2026-01-10T15:38:59.187Z
69627294231aeadabc091dc5,esp32-001,teste_tur_10_01,1768059539936,-8.051386090315239,-34.95108308776169,14.245954296064697,18.228619696111917,277.0434856532891,34.12,35.12,31.5,377,-141,168,1782,2026-01-10T15:39:00.231Z
69627295231aeadabc091dc7,esp32-001,teste_tur_10_01,1768059541032,-8.051347498464393,-34.951432006493846,7.663310726434192,19.051404106519893,276.44969258599343,34.06,35.12,31.5,852,302,-10,1784,2026-01-10T15:39:01.328Z
69627297231aeadabc091dc9,esp32-001,teste_tur_10_01,1768059542936,-8.051328726723243,-34.95158907102382,6.159643339251112,18.27937997506614,277.120605468077,33.88,35.19,31.25,1019,145,-57,1795,2026-01-10T15:39:03.324Z
69627299231aeadabc091dcb,esp32-001,teste_tur_10_01,1768059544946,-8.051273924023308,-34.95191510926145,5.543755292776845,17.8218475406849,279.29039185295926,33.88,35.19,31.19,1184,183,227,1797,2026-01-10T15:39:05.214Z
6962729b231aeadabc091dcd,esp32-001,teste_tur_10_01,1768059546956,-8.0512299457616,-34.95220461117968,4.380952114823779,16.371174221374176,278.96407471888887,33.81,35.19,31.19,1098,266,-99,1799,2026-01-10T15:39:07.329Z
6962729d231aeadabc091dcf,esp32-001,teste_tur_10_01,1768059548935,-8.05118772478907,-34.95248308031679,5.534491305297947,15.514984026848813,278.6507860099037,33.81,35.19,31.12,1126,56,-28,1801,2026-01-10T15:39:09.217Z
6962729e231aeadabc091dd1,esp32-001,teste_tur_10_01,1768059549955,-8.051167105242518,-34.95260468294889,5.979481413379559,14.446772151182683,279.0861264992649,33.75,35.19,31.12,1329,9,117,1802,2026-01-10T15:39:10.235Z
696272a0231aeadabc091dd3,esp32-001,teste_tur_10_01,1768059551965,-8.051136717277485,-34.95281887575146,4.035639216367158,12.208079840399389,278.7057494244982,33.75,35.19,31.06,888,43,78,1804,2026-01-10T15:39:12.332Z
696272a2231aeadabc091dd5,esp32-001,teste_tur_10_01,1768059553946,-8.051104075879003,-34.952988900962914,4.449975841439511,9.855276303342999,280.1432494956314,33.81,35.19,31.06,1445,134,158,1806,2026-01-10T15:39:14.335Z
696272a3231aeadabc091dd7,esp32-001,teste_tur_10_01,1768059554967,-8.051095029647449,-34.95305405721803,4.175496753744982,8.493703287048996,279.0275120817183,33.81,35.19,31.06,1088,118,99,1807,2026-01-10T15:39:15.250Z
696272a5231aeadabc091dd9,esp32-001,teste_tur_10_01,1768059556976,-8.051097549343371,-34.95316484220527,5.44870363508036,6.333546514097259,270.61778761541615,33.81,35.19,31.12,1671,-19,277,1809,2026-01-10T15:39:17.342Z
696272a7231aeadabc091ddb,esp32-001,teste_tur_10_01,1768059558954,-8.051152876514246,-34.953229446893054,5.7446203267908995,4.6219321947170755,234.0483566696305,33.88,35.25,31.12,1286,370,94,1811,2026-01-10T15:39:19.236Z
696272a8231aeadabc091ddd,esp32-001,teste_tur_10_01,1768059559976,-8.05120109889591,-34.95324329210837,5.590249720024343,4.889041670757342,210.7448842608409,33.88,35.25,31.12,1345,146,142,1812,2026-01-10T15:39:20.249Z
696272aa231aeadabc091ddf,esp32-001,teste_tur_10_01,1768059561987,-8.051352286706377,-34.95325570516557,5.499849347303538,7.7339734951127035,187.77978424470834,33.94,35.19,31.12,1179,126,151,1814,2026-01-10T15:39:22.346Z
696272ac231aeadabc091de1,esp32-001,teste_tur_10_01,1768059563967,-8.051507011028608,-34.9532687042596,6.248077832889965,8.385556489427898,186.15814026806336,33.94,35.25,31.19,1081,154,113,1816,2026-01-10T15:39:24.263Z
696272ad231aeadabc091de3,esp32-001,teste_tur_10_01,1768059564986,-8.051592654882644,-34.95327872746482,6.246522732190578,9.026944888397678,186.58385459196688,33.94,35.25,31.19,1641,24,392,1817,2026-01-10T15:39:25.259Z
696272af231aeadabc091de5,esp32-001,teste_tur_10_01,1768059566996,-8.051788647466065,-34.95329126948303,5.113651237222007,10.400011978829966,184.13550782681588,34,35.25,31.25,1225,48,242,1819,2026-01-10T15:39:27.381Z
696272b1231aeadabc091de7,esp32-001,teste_tur_10_01,1768059568975,-8.05195993127295,-34.95330620426595,4.925902497771097,9.496658063172562,185.54983702961746,34,35.25,31.25,1185,311,70,1821,2026-01-10T15:39:29.250Z
696272b2231aeadabc091de9,esp32-001,teste_tur_10_01,1768059569995,-8.052037537427248,-34.95331741339015,4.932517723289746,8.993041374548383,187.16252440988953,34,35.25,31.31,1077,258,188,1822,2026-01-10T15:39:30.267Z
696272b4231aeadabc091deb,esp32-001,teste_tur_10_01,1768059572007,-8.052188343212874,-34.95333332215962,6.1740869792224204,8.348191067198826,185.7396938021206,34,35.25,31.31,1449,257,248,1824,2026-01-10T15:39:32.372Z
696272b6231aeadabc091ded,esp32-001,teste_tur_10_01,1768059573983,-8.052364940617242,-34.95335151854559,6.015415910365793,9.700303338529197,186.10606783218637,34,35.25,31.38,766,451,111,1826,2026-01-10T15:39:34.281Z
696272b7231aeadabc091def,esp32-001,teste_tur_10_01,1768059575007,-8.05245998262187,-34.953353103731004,5.571756092697192,10.183928611448337,183.458813743885,34,35.25,31.38,1373,-68,-263,1827,2026-01-10T15:39:35.313Z
696272b9231aeadabc091df1,esp32-001,teste_tur_10_01,1768059577016,-8.052640822796498,-34.953372335219484,6.2545656746781795,9.62045303616087,185.08604233243997,33.94,35.31,31.38,1524,383,208,1829,2026-01-10T15:39:37.397Z
696272bb231aeadabc091df3,esp32-001,teste_tur_10_01,1768059578996,-8.052785933719576,-34.953388620604315,6.739909117965539,8.62428302108951,186.12700187160954,33.94,35.25,31.38,920,295,80,1831,2026-01-10T15:39:39.314Z
696272bc231aeadabc091df5,esp32-001,teste_tur_10_01,1768059580014,-8.052876346654292,-34.95339788733175,7.006821935572114,9.436736471963824,185.60385998797227,33.88,35.31,31.38,997,331,63,1832,2026-01-10T15:39:40.300Z
696272bf231aeadabc091df7,esp32-001,teste_tur_10_01,1768059583027,-8.053310970512483,-34.9534417838756,8.233427995708913,12.265582406662414,185.76774771421626,33.88,35.31,31.44,1001,377,-43,1834,2026-01-10T15:39:43.428Z
696272c1231aeadabc091df9,esp32-001,teste_tur_10_01,1768059585035,-8.053531214978786,-34.95347343363154,8.735340050832383,11.949570981641509,189.1271005852827,33.81,35.31,31.38,1315,-255,166,1837,2026-01-10T15:39:45.310Z
696272c8231aeadabc091dfb,esp32-001,teste_tur_10_01,1768059592023,-8.054117809301488,-34.95351659037903,9.262324149068753,5.48386965517774,190.52000056616018,33.75,35.31,31.44,935,392,-35,1839,2026-01-10T15:39:52.397Z
696272c9231aeadabc091dfd,esp32-001,teste_tur_10_01,1768059593045,-8.054140829357017,-34.95351890303834,8.394673403982392,3.751926328181715,189.83019042422376,33.69,35.31,31.5,954,272,86,1845,2026-01-10T15:39:53.320Z
696272cb231aeadabc091dff,esp32-001,teste_tur_10_01,1768059595052,-8.054211468237757,-34.95352187771307,7.5070304925098705,3.835855588786668,183.2752724104053,33.69,35.31,31.5,1331,221,209,1847,2026-01-10T15:39:55.413Z
696272cd231aeadabc091e01,esp32-001,teste_tur_10_01,1768059597052,-8.054363488869313,-34.95353530094847,6.48036616603291,7.485208810713409,186.3344943189355,33.69,35.38,31.62,972,359,53,1849,2026-01-10T15:39:57.441Z
696272ce231aeadabc091e03,esp32-001,teste_tur_10_01,1768059598052,-8.0544475975098,-34.95355018058166,5.819804205683263,8.43687863466828,188.54507704854495,33.75,35.38,31.62,1410,4,191,1850,2026-01-10T15:39:58.348Z
696272d0231aeadabc091e05,esp32-001,teste_tur_10_01,1768059600048,-8.054580921594315,-34.95355992394767,6.601914620161627,6.976144795876157,185.24169326403828,33.75,35.38,31.75,940,-128,151,1852,2026-01-10T15:40:00.425Z
696272d1231aeadabc091e07,esp32-001,teste_tur_10_01,1768059601048,-8.054597285470699,-34.953563478968576,5.924578117384462,4.2172241986085695,186.42001082464222,33.75,35.38,31.81,958,215,-31,1853,2026-01-10T15:40:01.341Z
696272d2231aeadabc091e09,esp32-001,teste_tur_10_01,1768059602053,-8.054610537564198,-34.95356345603934,5.470240659846616,2.555029051153427,183.8157328804597,33.75,35.38,31.81,1040,291,111,1854,2026-01-10T15:40:02.340Z
696272d4231aeadabc091e0b,esp32-001,teste_tur_10_01,1768059604050,-8.05465400176005,-34.95356909381146,5.325108298123517,2.3766368625748755,182.6164707716554,33.81,35.38,31.94,1061,316,35,1856,2026-01-10T15:40:04.399Z
696272d5231aeadabc091e0d,esp32-001,teste_tur_10_01,1768059605054,-8.054701796874257,-34.95357097451612,5.416595617353354,3.8581305134846398,182.65540309914894,33.81,35.38,31.94,1762,29,146,1857,2026-01-10T15:40:05.333Z
696272d7231aeadabc091e0f,esp32-001,teste_tur_10_01,1768059607065,-8.054809536584791,-34.9535610105709,5.679017554400954,5.4872210875322835,171.74609041341483,33.81,35.38,32.06,1382,577,218,1859,2026-01-10T15:40:07.440Z
696272d9231aeadabc091e11,esp32-001,teste_tur_10_01,1768059609078,-8.054928444167759,-34.95349263792803,5.714904242499728,7.139017045504258,149.72734879498466,33.88,35.38,32.06,1499,760,361,1861,2026-01-10T15:40:09.375Z
696272db231aeadabc091e13,esp32-001,teste_tur_10_01,1768059611054,-8.055014493498486,-34.95338141616988,5.398638487447323,7.565681501772346,129.89446910089052,33.94,35.38,32.12,167,329,-317,1863,2026-01-10T15:40:11.433Z
696272dc231aeadabc091e15,esp32-001,teste_tur_10_01,1768059612078,-8.055042929560429,-34.953309977682274,5.762002547028013,7.8825202321915295,119.2199631606266,33.94,35.38,32.12,980,208,-20,1864,2026-01-10T15:40:12.352Z
696272de231aeadabc091e17,esp32-001,teste_tur_10_01,1768059614090,-8.055056305251295,-34.95316677554825,4.728602330664488,8.001427116584317,99.47094960541205,33.94,35.44,32.06,951,316,-115,1866,2026-01-10T15:40:14.442Z
696272e0231aeadabc091e19,esp32-001,teste_tur_10_01,1768059616064,-8.055074761689092,-34.95298003369472,4.2186805305971395,9.978115103805923,96.50292404686694,33.94,35.44,32.06,999,444,-42,1868,2026-01-10T15:40:16.351Z
696272e1231aeadabc091e1b,esp32-001,teste_tur_10_01,1768059617091,-8.055092811950846,-34.952875805864,5.063407389574505,10.773710355412893,98.45147080825963,33.94,35.44,32.12,1156,-111,30,1869,2026-01-10T15:40:17.364Z
696272e3231aeadabc091e1d,esp32-001,teste_tur_10_01,1768059619102,-8.055114256507657,-34.95272294016376,5.660288317593037,8.49475223067488,98.33990942460132,33.94,35.44,32.06,1245,-115,200,1871,2026-01-10T15:40:19.473Z
696272e5231aeadabc091e1f,esp32-001,teste_tur_10_01,1768059621080,-8.055117497811345,-34.952658462900956,9.218412002445566,4.516032279199431,98.38573642864887,34,35.44,32.06,1276,296,47,1873,2026-01-10T15:40:21.361Z
696272e6231aeadabc091e21,esp32-001,teste_tur_10_01,1768059622103,-8.055118589854757,-34.95262416356136,9.696839898153788,4.135117173309224,95.86878321237504,34,35.44,32.06,1451,284,51,1874,2026-01-10T15:40:22.378Z
696272e9231aeadabc091e23,esp32-001,teste_tur_10_01,1768059625038,-8.055131694202203,-34.95238877411052,9.933448486826956,9.060685461606704,93.82326154575553,34,35.44,32,1262,178,180,1875,2026-01-10T15:40:25.386Z
696272ea231aeadabc091e25,esp32-001,teste_tur_10_01,1768059626090,-8.0551371758176,-34.952280549173175,9.547595645893972,10.525195429277533,93.29939837502667,34.06,35.44,31.94,928,192,137,1878,2026-01-10T15:40:26.356Z
696272eb231aeadabc091e27,esp32-001,teste_tur_10_01,1768059627115,-8.05515378359482,-34.952178168340225,7.8822734051645815,10.958355781637254,96.42185765144751,34,35.44,31.94,1219,-198,209,1879,2026-01-10T15:40:27.393Z
696272ed231aeadabc091e29,esp32-001,teste_tur_10_01,1768059629124,-8.055199976717152,-34.95200799397457,5.549960344083033,9.967282894021846,105.48109123943586,34,35.44,31.94,1288,150,183,1881,2026-01-10T15:40:29.488Z
696272ef231aeadabc091e2b,esp32-001,teste_tur_10_01,1768059631101,-8.055236123455337,-34.95184368793932,6.312957523154718,9.273143111824998,101.05703783960725,34,35.44,31.88,1108,-40,134,1883,2026-01-10T15:40:31.377Z
696272f0231aeadabc091e2d,esp32-001,teste_tur_10_01,1768059632126,-8.055244355844215,-34.951763316267844,6.980262179930657,9.244166935597722,98.63636596336852,34,35.44,31.94,1047,196,-4,1884,2026-01-10T15:40:32.430Z
696272f2231aeadabc091e2f,esp32-001,teste_tur_10_01,1768059634136,-8.055257347027604,-34.95161483346241,8.017024630995177,8.368639887519661,97.40487819641109,34,35.44,31.88,859,338,27,1886,2026-01-10T15:40:34.494Z
696272f4231aeadabc091e31,esp32-001,teste_tur_10_01,1768059636115,-8.05526099372144,-34.951488009769605,9.115261130367172,7.181212678797923,93.85916210035774,34,35.5,31.88,1083,195,-47,1888,2026-01-10T15:40:36.406Z
696272f5231aeadabc091e33,esp32-001,teste_tur_10_01,1768059637136,-8.055269018755862,-34.95142871166213,8.565447500693608,6.770329118544777,95.26517029439556,34,35.5,31.88,745,268,7,1889,2026-01-10T15:40:37.404Z
696272f6231aeadabc091e35,esp32-001,teste_tur_10_01,1768059638157,-8.055273240457586,-34.95136785324034,9.141406209482682,6.734971033151194,95.63257131404244,34,35.5,31.81,908,183,-22,1890,2026-01-10T15:40:38.424Z
696272f8231aeadabc091e37,esp32-001,teste_tur_10_01,1768059640133,-8.05528262146646,-34.95128343979116,9.31369429822088,4.934359209305031,98.9582271239635,34,35.5,31.81,994,267,106,1892,2026-01-10T15:40:40.493Z
69627303231aeadabc091e39,esp32-001,teste_tur_10_01,1768059651117,-8.05549370610024,-34.95122689177001,12.390772443261698,3.852194240246064,198.56667032975855,34,35.5,31.75,1088,167,136,1893,2026-01-10T15:40:51.523Z
69627304231aeadabc091e3b,esp32-001,teste_tur_10_01,1768059652136,-8.055526392247122,-34.95123276526972,12.214863330277694,3.627729835376983,195.43479904874107,34,35.5,31.75,1232,13,96,1894,2026-01-10T15:40:52.443Z
69627306231aeadabc091e3d,esp32-001,teste_tur_10_01,1768059654148,-8.055582839365549,-34.95123627587216,12.311337012398004,2.6861513292914685,193.63393280056076,34,35.5,31.75,1072,27,70,1896,2026-01-10T15:40:54.434Z
69627308231aeadabc091e3f,esp32-001,teste_tur_10_01,1768059656126,-8.055599410568334,-34.951229018722586,13.004367784749409,0.7468048471506553,188.1289829088352,34.06,35.5,31.69,1239,95,162,1898,2026-01-10T15:40:56.496Z
69627309231aeadabc091e41,esp32-001,teste_tur_10_01,1768059657149,-8.055609483916792,-34.951216962842295,13.460566776871989,0.4860846456342017,157.67523113383834,34.12,35.5,31.69,1199,366,62,1899,2026-01-10T15:40:57.443Z
6962730b231aeadabc091e43,esp32-001,teste_tur_10_01,1768059659155,-8.05561548208141,-34.951208811048126,13.746538007841187,0.21640134400481345,148.43917714942418,34.12,35.5,31.69,1133,265,-39,1901,2026-01-10T15:40:59.442Z
6962730d231aeadabc091e45,esp32-001,teste_tur_10_01,1768059661161,-8.055614930208609,-34.951210450394086,14.17593611319318,0.11287253908851774,148.43917652733288,34.25,35.56,31.62,954,56,90,1903,2026-01-10T15:41:01.538Z
6962730f231aeadabc091e47,esp32-001,teste_tur_10_01,1768059663178,-8.055626925866246,-34.95120881223275,14.825360887384027,0.021391458736226034,172.42803138936023,34.31,35.56,31.62,929,230,20,1905,2026-01-10T15:41:03.461Z
69627310231aeadabc091e49,esp32-001,teste_tur_10_01,1768059664197,-8.055621686077286,-34.9512058872108,15.12846321338621,0.13863697775059994,172.42803309678212,34.31,35.56,31.56,1129,289,2,1906,2026-01-10T15:41:04.504Z
69627312231aeadabc091e4b,esp32-001,teste_tur_10_01,1768059666175,-8.055628671223083,-34.9512034782344,16.410546384946926,0.44087570105354157,172.42803361767508,34.31,35.56,31.56,1110,370,18,1908,2026-01-10T15:41:06.528Z
69627313231aeadabc091e4d,esp32-001,teste_tur_10_01,1768059667198,-8.055630953764325,-34.95120001277908,16.64842660806487,0.4248547961996485,172.42803497541047,34.31,35.56,31.5,1115,31,94,1909,2026-01-10T15:41:07.481Z
69627315231aeadabc091e4f,esp32-001,teste_tur_10_01,1768059669199,-8.055627620019726,-34.95120082833169,18.423960426006456,0,172.4280348749718,34.31,35.56,31.5,1129,260,190,1911,2026-01-10T15:41:09.497Z
69627317231aeadabc091e51,esp32-001,teste_tur_10_01,1768059671156,-8.055627620019726,-34.95120082833169,19.683591599462414,0,172.4280348749718,34.38,35.56,31.44,1094,292,91,1913,2026-01-10T15:41:11.509Z
69627318231aeadabc091e53,esp32-001,teste_tur_10_01,1768059672201,-8.055613168027097,-34.9512021328611,20.192574887878237,0.014124242480880659,172.428035428744,34.38,35.62,31.44,1126,234,109,1914,2026-01-10T15:41:12.482Z
6962731a231aeadabc091e55,esp32-001,teste_tur_10_01,1768059674190,-8.055610261287034,-34.951206279707776,22.87032898585993,0,172.4280338177864,34.44,35.62,31.44,1049,245,287,1916,2026-01-10T15:41:14.580Z
6962731c231aeadabc091e57,esp32-001,teste_tur_10_01,1768059676169,-8.05561161568431,-34.95120728393318,24.34876325030223,0.5704667238008954,167.40029745733756,34.5,35.56,31.38,1142,430,-202,1918,2026-01-10T15:41:16.460Z
6962731d231aeadabc091e59,esp32-001,teste_tur_10_01,1768059677189,-8.055600280824613,-34.95120604589818,25.246827497697865,0.16488210421006014,157.41259764810215,34.56,35.62,31.38,1125,281,-52,1919,2026-01-10T15:41:17.466Z
